{"type":"stackedBar",
"query":"SELECT overall,COUNT(CASE team_position WHEN 'RES' THEN 1 ELSE NULL END ) AS RES,COUNT(CASE team_position WHEN 'SUB' THEN 1 ELSE NULL END) AS SUB, COUNT(CASE WHEN (team_position !='SUB' AND team_position !='RES') THEN 1 ELSE NULL END) AS other ,COUNT(team_position) AS total FROM fifa_player WHERE overall<=55 GROUP BY overall ORDER BY overall",
"label_marker":"overall",
"column_schema":[
    {"alias":"overall","display_name":"Overall","type":"int"},
    {"alias":"res","display_name":"Reserves","type":"int"},
    {"alias":"sub","display_name":"Substitutes","type":"int"},
    {"alias":"other","display_name":"Team Players","type":"int"}
],
"column_display_labels":["Overall","No of Players"]
}